nivel,umbral_pct,bucket,n,ev_hold,evpct_hold,ev_reforzar,evpct_reforzar,ev_contra,evpct_contra,ev_cortar,evpct_cortar,delta_hold_vs_cortar,win_hold_vs_cortar,p_hold_vs_cortar,sig_hold_vs_cortar,delta_reforzar_vs_cortar,win_reforzar_vs_cortar,p_reforzar_vs_cortar,sig_reforzar_vs_cortar,delta_contra_vs_cortar,win_contra_vs_cortar,p_contra_vs_cortar,sig_contra_vs_cortar,mejor_rama
combined,20,TODAS,334,-300.4,-30.04,-442.17,-29.48,-335.02,-22.33,-237.82,-23.78,-62.59,24.6,0.4588,False,-204.36,20.4,0.1177,False,-97.21,23.7,0.5282,False,cortar
combined,20,09:30-10:30,279,-316.16,-31.62,-421.28,-28.09,-379.94,-25.33,-239.75,-23.97,-76.41,23.7,0.4239,False,-181.53,20.1,0.2323,False,-140.2,22.6,0.4168,False,cortar
combined,20,10:30-12:00,32,-120.4,-12.04,-455.33,-30.36,136.0,9.07,-221.71,-22.17,101.3,28.1,0.7144,False,-233.63,21.9,0.4459,False,357.71,31.2,0.5164,False,contra
combined,20,12:00-13:30,8,-106.91,-10.69,-423.0,-28.2,-49.78,-3.32,-235.25,-23.53,128.35,37.5,0.7284,False,-187.75,37.5,0.6293,False,185.47,25.0,0.7723,False,contra
combined,20,13:30-15:55,15,-494.54,-49.45,-812.91,-54.19,-656.48,-43.76,-237.64,-23.76,-256.9,26.7,0.0244,True,-575.27,13.3,0.0007,True,-418.83,26.7,0.0268,True,cortar
combined,30,TODAS,327,-351.92,-35.19,-566.97,-37.8,-321.59,-21.44,-330.05,-33.01,-21.86,25.1,0.7847,False,-236.92,20.2,0.0426,True,8.47,24.2,0.9572,False,contra
combined,30,09:30-10:30,224,-459.7,-45.97,-614.45,-40.96,-554.44,-36.96,-330.09,-33.01,-129.61,22.3,0.1474,False,-284.36,19.2,0.0562,False,-224.35,19.6,0.1954,False,cortar
combined,30,10:30-12:00,70,33.34,3.33,-305.01,-20.33,513.92,34.26,-323.55,-32.36,356.89,31.4,0.126,False,18.54,25.7,0.943,False,837.46,35.7,0.0766,False,contra
combined,30,12:00-13:30,11,-18.67,-1.87,-500.13,-33.34,231.88,15.46,-326.8,-32.68,308.13,45.5,0.3335,False,-173.33,27.3,0.5742,False,558.68,45.5,0.3221,False,contra
combined,30,13:30-15:55,22,-646.9,-64.69,-950.54,-63.37,-885.92,-59.06,-352.01,-35.2,-294.89,22.7,0.0011,True,-598.53,9.1,0.0001,True,-533.91,22.7,0.0009,True,cortar
combined,40,TODAS,309,-474.64,-47.46,-700.11,-46.67,-481.54,-32.1,-425.11,-42.51,-49.52,23.3,0.492,False,-275.0,17.2,0.0103,True,-56.43,23.9,0.721,False,cortar
combined,40,09:30-10:30,155,-533.92,-53.39,-675.15,-45.01,-630.2,-42.01,-425.39,-42.54,-108.54,19.4,0.3092,False,-249.76,16.1,0.1469,False,-204.81,18.7,0.3822,False,cortar
combined,40,10:30-12:00,105,-435.5,-43.55,-767.27,-51.15,-348.44,-23.23,-420.43,-42.04,-15.07,23.8,0.9025,False,-346.83,18.1,0.0233,True,71.99,24.8,0.7906,False,contra
combined,40,12:00-13:30,19,-64.23,-6.42,-129.92,-8.66,295.5,19.7,-429.46,-42.95,365.24,31.6,0.3452,False,299.54,31.6,0.6114,False,724.96,36.8,0.3869,False,contra
combined,40,13:30-15:55,30,-565.19,-56.52,-955.11,-63.67,-671.46,-44.77,-437.3,-43.73,-127.89,36.7,0.1354,False,-517.81,10.0,0.0,True,-234.16,40.0,0.1656,False,cortar
combined,50,TODAS,285,-638.8,-63.88,-855.8,-57.05,-775.36,-51.69,-519.28,-51.93,-119.52,18.9,0.0213,True,-336.52,13.0,0.0024,True,-256.08,18.9,0.0244,True,cortar
combined,50,09:30-10:30,87,-731.51,-73.15,-910.15,-60.68,-965.17,-64.34,-520.98,-52.1,-210.53,10.3,0.0111,True,-389.17,10.3,0.0496,True,-444.19,11.5,0.024,True,cortar
combined,50,10:30-12:00,128,-585.0,-58.5,-752.34,-50.16,-672.59,-44.84,-516.33,-51.63,-68.68,20.3,0.4642,False,-236.01,14.8,0.2324,False,-156.26,18.8,0.4366,False,cortar
combined,50,12:00-13:30,34,-586.88,-58.69,-911.88,-60.79,-666.28,-44.42,-513.5,-51.35,-73.39,23.5,0.5603,False,-398.38,14.7,0.0776,False,-152.78,26.5,0.5617,False,cortar
combined,50,13:30-15:55,36,-655.04,-65.51,-1039.38,-69.29,-785.08,-52.34,-531.11,-53.11,-123.94,30.6,0.0708,False,-508.27,11.1,0.0,True,-253.97,30.6,0.079,False,cortar
combined,60,TODAS,264,-739.85,-73.99,-968.86,-64.59,-929.37,-61.96,-616.32,-61.63,-123.53,15.2,0.0039,True,-352.54,10.6,0.0052,True,-313.06,15.2,0.0008,True,cortar
combined,60,09:30-10:30,35,-786.71,-78.67,-649.1,-43.27,-1220.07,-81.34,-616.99,-61.7,-169.71,11.4,0.0912,False,-32.11,11.4,0.943,False,-603.07,11.4,0.0,True,cortar
combined,60,10:30-12:00,128,-732.87,-73.29,-980.28,-65.35,-890.15,-59.34,-613.48,-61.35,-119.39,14.8,0.0753,False,-366.8,11.7,0.0864,False,-276.67,15.6,0.0381,True,cortar
combined,60,12:00-13:30,50,-706.08,-70.61,-1017.2,-67.81,-809.62,-53.98,-617.0,-61.7,-89.07,10.0,0.4599,False,-400.19,10.0,0.0533,False,-192.62,10.0,0.549,False,cortar
combined,60,13:30-15:55,51,-758.32,-75.83,-1112.24,-74.15,-945.72,-63.05,-622.3,-62.23,-136.02,23.5,0.0084,True,-489.94,7.8,0.0,True,-323.42,21.6,0.0114,True,cortar
leg,20,TODAS,363,-70.17,-7.02,-41.52,-2.77,-185.47,-12.36,-116.1,-11.61,45.93,12.9,0.5265,False,74.58,12.9,0.6643,False,-69.37,24.2,0.4077,False,reforzar
leg,20,09:30-10:30,363,-70.17,-7.02,-41.52,-2.77,-185.47,-12.36,-116.1,-11.61,45.93,12.9,0.5265,False,74.58,12.9,0.6643,False,-69.37,24.2,0.4077,False,reforzar
leg,30,TODAS,363,-70.17,-7.02,-74.97,-5.0,-167.04,-11.14,-88.56,-8.86,18.39,12.4,0.7757,False,13.59,12.4,0.9328,False,-78.48,25.1,0.3217,False,hold
leg,30,09:30-10:30,363,-70.17,-7.02,-74.97,-5.0,-167.04,-11.14,-88.56,-8.86,18.39,12.4,0.7757,False,13.59,12.4,0.9328,False,-78.48,25.1,0.3217,False,hold
leg,40,TODAS,363,-70.17,-7.02,-148.13,-9.88,-131.82,-8.79,-40.85,-4.09,-29.31,11.3,0.5823,False,-107.28,11.3,0.4531,False,-90.97,25.6,0.2122,False,cortar
leg,40,09:30-10:30,357,-79.24,-7.92,-150.51,-10.03,-145.86,-9.72,-53.89,-5.39,-25.35,11.5,0.6398,False,-96.61,11.5,0.5061,False,-91.97,25.8,0.2117,False,cortar
leg,40,10:30-12:00,6,469.75,46.98,-6.91,-0.46,703.73,46.92,734.9,73.49,-265.15,0.0,,False,-741.81,0.0,,False,-31.17,16.7,,False,cortar
leg,50,TODAS,363,-70.17,-7.02,-205.9,-13.73,-114.0,-7.6,-17.11,-1.71,-53.06,8.8,0.1562,False,-188.79,8.8,0.0976,False,-96.89,25.9,0.1355,False,cortar
leg,50,09:30-10:30,346,-84.77,-8.48,-215.2,-14.35,-144.39,-9.63,-34.45,-3.45,-50.31,8.7,0.1977,False,-180.75,8.7,0.1287,False,-109.94,25.7,0.0871,False,cortar
leg,50,10:30-12:00,17,226.96,22.7,-16.64,-1.11,504.49,33.63,335.84,33.58,-108.88,11.8,0.2014,False,-352.47,11.8,0.1638,False,168.66,29.4,0.7241,False,contra
leg,60,TODAS,363,-70.17,-7.02,-253.08,-16.87,-125.37,-8.36,-11.78,-1.18,-58.39,6.3,0.0531,False,-241.3,6.3,0.0215,True,-113.59,25.3,0.0388,True,cortar
leg,60,09:30-10:30,319,-50.1,-5.01,-206.46,-13.76,-112.17,-7.48,-3.36,-0.34,-46.74,6.9,0.1685,False,-203.1,6.9,0.0848,False,-108.81,25.7,0.0656,False,cortar
leg,60,10:30-12:00,43,-212.42,-21.24,-587.04,-39.14,-216.98,-14.47,-69.88,-6.99,-142.54,2.3,0.0003,True,-517.16,2.3,0.0003,True,-147.1,23.3,0.3433,False,cortar
leg,60,13:30-15:55,1,-355.82,-35.58,-764.91,-50.99,-396.36,-26.42,-198.41,-19.84,-157.41,0.0,,False,-566.5,0.0,,False,-197.95,0.0,,False,cortar
